Abdominal guarding ,s_1558),,
Abdominal mass ,s_299),,
"Abdominal mass, after pregnancy or the removal of molar pregnancy ",s_1293),,
Abdominal pain ,s_13),,
"Abdominal pain, burning or gnawing ",s_1802),,
"Abdominal pain, colicky ",s_1848),,
"Abdominal pain, crampy ",s_1860),,
"Abdominal pain, diffuse ",s_1557),,
"Abdominal pain, epigastric ",s_1387),,
"Abdominal pain, exacerbating after caffeine consumption ",s_1207),,
"Abdominal pain, exacerbating during coughing or movement ",s_15),,
"Abdominal pain, exacerbating during deep breath ",s_1202),,
"Abdominal pain, exacerbating on an empty stomach ",s_14),,
"Abdominal pain, gradual onset ",s_1844),,
"Abdominal pain, lasting 2 to 7 days ",s_1852),,
"Abdominal pain, lasting 8 to 14 days ",s_1853),,
"Abdominal pain, lasting less than two days ",s_1840),,
"Abdominal pain, lasting more than two weeks ",s_1842),,
"Abdominal pain, left lower quadrant ",s_1729),,
"Abdominal pain, left side ",s_1854),,
"Abdominal pain, left upper quadrant ",s_1591),,
"Abdominal pain, migratory ",s_1851),,
"Abdominal pain, mild ",s_1782),,
"Abdominal pain, moderate ",s_1783),,
"Abdominal pain, pelvic ",s_1598),,
"Abdominal pain, periumbilical ",s_1532),,
"Abdominal pain, postprandial ",s_16),,
"Abdominal pain, premenstrual ",s_17),,
"Abdominal pain, radiating to left shoulder or shoulder blade ",s_1845),,
"Abdominal pain, radiating to lower or middle part of back ",s_1846),,
"Abdominal pain, radiating to right shoulder or shoulder blade ",s_471),,
"Abdominal pain, recurrent ",s_1847),,
"Abdominal pain, reduced by defecation or relieving flatulence ",s_57),,
"Abdominal pain, right lower quadrant ",s_1531),,
"Abdominal pain, right side ",s_1855),,
"Abdominal pain, right upper quadrant ",s_1528),,
"Abdominal pain, severe ",s_1195),,
"Abdominal pain, sharp and stabbing ",s_1369),,
"Abdominal pain, sudden onset ",s_1843),,
"Abdominal pain, unbearable ",s_1929),,
Abdominal tenderness ,s_1514),,
"Abdominal tenderness, left upper quadrant ",s_1589),,
"Abdominal tenderness, right upper quadrant ",s_1392),,
"Abdominal tenderness, suprapubic ",s_1400),,
Abnormal foveal avascular zone ,s_1419),,
Abnormal vaginal discharge ,s_328),,
Abscess ,s_598),,
Absence of deep reflexes ,s_1072),,
Achilles tendon hyperreflexia ,s_1502),,
Active wound bleeding ,s_1973),,
Activity related to sex despite negative consequences ,s_3),,
Adenoid face ,s_1111),,
Agitation ,s_145),,
Agnosia ,s_833),,
Agoraphobia ,s_884),,
Agraphia ,s_1012),,
Alcohol craving ,s_817),,
Alcohol tolerance ,s_588),,
Alcohol withdrawal syndrome ,s_818),,
"Allelomimetic behavior, allomimetic behavior ",s_1019),,
Allen-Cleckley sign ,s_1272),,
Alogia ,s_837),,
Altered defecation rhythm ,s_1728),,
Amenorrhea ,s_1457),,
"Amenorrhea, primary ",s_1458),,
"Amenorrhea, secondary, for at least 12 months ",s_1370),,
Amusia ,s_1032),,
Anemia ,s_147),,
Angular cheilitis ,s_608),,
Anhedonia ,s_508),,
Anhidrosis ,s_1123),,
"Anhidrosis, face, unilateral ",s_669),,
Anisocoria ,s_497),,
Annular skin lesions ,s_1647),,
Anomic aphasia ,s_1030),,
Anorectal pain ,s_436),,
Anxiety ,s_120),,
Anxiety attack ,s_582),,
Apathy ,s_4),,
Aphasia ,s_969),,
Aphonia ,s_477),,
Aponeurotic reflex ,s_1269),,
Appetite for salty foods ,s_6),,
Apraxia ,s_1010),,
Arthropathy ,s_1292),,
Articular edema and pain of both hands or feet ,s_26),,
Ascites ,s_1116),,
Asymmetry of a skin mole or birthmark ,s_380),,
Ataxia ,s_651),,
Atonic bladder ,s_1120),,
Atrophy or diminishing of both testicles ,s_1117),,
Auditory verbal agnosia ,s_1028),,
Auscultative rales over the thorax ,s_857),,
"Avoiding actions, places, or people that bring back memories of trauma ",s_710),,
Avoiding eating and drinking in public ,s_718),,
Avoiding eating in someone's presence ,s_719),,
Avoiding public appearances ,s_717),,
Avoiding talking to authority figures ,s_720),,
"Avoiding thoughts, feelings, conversations related to traumatic experience ",s_709),,
Axillary or inguinal freckles ,s_1322),,
Babinski sign ,s_1023),,
Back pain ,s_1190),,
"Back pain, exacerbated by physical exertion ",s_159),,
"Back pain, improves with rest ",s_1206),,
"Back pain, lasting at least a few hours ",s_1205),,
"Back pain, lumbar ",s_53),,
"Back pain, lumbar, exacerbating during the night ",s_1339),,
"Back pain, lumbar, radiates to back of the thigh ",s_38),,
"Back pain, lumbar, radiating to the groin ",s_663),,
"Back pain, recurrent ",s_1189),,
"Back pain, severe ",s_1192),,
"Back pain, sudden ",s_1198),,
"Back pain, thoracic ",s_1772),,
Behavioral changes ,s_843),,
"Behavioral changes, ignoring consequences and social norms ",s_842),,
"Behavioral changes, personality ",s_348),,
Belching ,s_561),,
Bilateral absence of Achilles tendon reflex ,s_1073),,
Bilateral limb apraxia ,s_1011),,
Bilateral muscle paralysis ,s_1291),,
Binge-eating attacks ,s_137),,
Bing sign ,s_1257),,
Bizarre delusion ,s_769),,
Black stools ,s_71),,
Bladder not emptying completely ,s_435),,
Bladder sphincter dysfunction ,s_1119),,
Bleeding after intercourse ,s_152),,
Bleeding from anus ,s_115),,
Bleeding gums ,s_111),,
Bleeding into muscles ,s_1386),,
Blepharoptosis ,s_192),,
Blindness ,s_1934),,
Blisters ,s_1807),,
Bloating ,s_309),,
Blood in stool ,s_112),,
Blood in urine ,s_113),,
Blunted affect ,s_771),,
Blurred vision ,s_500),,
Body aches ,s_1835),,
Bone deformation ,s_1224),,
Bone pain ,s_612),,
Bowel incontinence ,s_641),,
"Bowel sounds, decreased ",s_1553),,
"Bowel sounds, hyperactive, high-pitched ",s_1552),,
Bradycardia ,s_534),,
Breast tenderness ,s_1480),,
Breast tightness or pain ,s_609),,
Broken bone ,s_1947),,
Broken hair ,s_1671),,
Brown nail discoloration ,s_1310),,
Brudzinski sign ,s_1690),,
Bruise after trauma ,s_1960),,
Buccofacial or orofacial apraxia ,s_1013),,
Bulla ,s_1803),,
Burning skin ,s_1165),,
"Burning skin, face ",s_1684),,
Burning tongue ,s_200),,
Café au lait macules ,s_1330),,
Calcification of the tympanic membrane ,s_1168),,
Calf muscle spasms ,s_117),,
Cardiac murmurs ,s_1720),,
Cardiomegaly ,s_811),,
Carotid bruit ,s_1576),,
Ceasing or limiting alcohol consumption ,s_589),,
Cervical dystonia ,s_996),,
Chaddock sign ,s_1258),,
Change in color of a skin mole or birthmark ,s_585),,
Change in color of a tooth ,s_346),,
Change in handwriting ,s_345),,
Change in shape of a skin mole or birthmark ,s_584),,
Chemosis ,s_1091),,
Chest pain ,s_50),,
"Chest pain, continue after rest ",s_31),,
"Chest pain, diffuse ",s_51),,
"Chest pain, during exertion ",s_35),,
"Chest pain, exacerbated by stress ",s_1763),,
"Chest pain, exacerbating during movement ",s_42),,
"Chest pain, exacerbating with deep breath or cough ",s_30),,
"Chest pain, lasting at least a few hours ",s_1204),,
"Chest pain, lasting longer than 30 minutes ",s_46),,
"Chest pain, pressure ",s_1925),,
"Chest pain, radiating between shoulder blades ",s_37),,
"Chest pain, radiating to left arm ",s_1490),,
"Chest pain, radiating to left shoulder ",s_1489),,
"Chest pain, radiating to neck ",s_36),,
"Chest pain, recurrent ",s_1952),,
"Chest pain, severe ",s_1197),,
"Chest pain, stabbing ",s_1601),,
"Chest pain, subsides during rest ",s_48),,
"Chest pain, substernal ",s_1509),,
"Chest pain, sudden ",s_1200),,
"Chest pain, two to five minutes ",s_45),,
"Chest pain, worsens on palpation ",s_1178),,
"Chest pain, worsens on palpation of costochondral joints ",s_1580),,
Cheyne-Stokes respiration ,s_1546),,
Chills ,s_81),,
Chorea ,s_1456),,
Chvostek sign ,s_867),,
Cigarette smoking ,s_195),,
Cigarette smoking during illness ,s_196),,
Clasp-knife spasticity ,s_1281),,
Claudication in upper leg ,s_734),,
Clearing the throat ,s_1094),,
Clicking sounds in the jaw joint when opening or closing the mouth ,s_429),,
Clogged ear ,s_276),,
Close family or friends pointing out excessive drinking ,s_288),,
Club-foot ,s_869),,
Coated tonsils ,s_610),,
Coating on tongue ,s_1184),,
Cogwheel muscle rigidity ,s_1283),,
Cold and clammy skin ,s_1926),,
Cold feet and toes ,s_408),,
Cold hands or fingers ,s_556),,
Cold sensitivity ,s_118),,
Color vision deficiency ,s_1328),,
Compulsive behavior ,s_303),,
Confabulation ,s_831),,
Confusion ,s_1345),,
Conjunctival pallor ,s_1212),,
"Conjunctival pallor, sudden ",s_1214),,
Consciousness disturbances ,s_438),,
Constant need for sex ,s_181),,
Constipation ,s_329),,
"Constipation, long-lasting ",s_1549),,
Contentiousness ,s_635),,
Convergent strabismus ,s_1228),,
Convulsions or headache accompanied or preceded by buzzing or whistling ,s_260),,
Convulsions or headache preceded by olfactory hallucinations ,s_295),,
Corneal reflex weak or absent ,s_1268),,
Cornell's sign ,s_1273),,
Corns ,s_1676),,
Cough ,s_102),,
"Cough, dry ",s_105),,
"Cough, lasting less than three weeks ",s_103),,
"Cough, lasting more than eight weeks ",s_106),,
"Cough, lasting three to eight weeks ",s_1858),,
"Cough, paroxysmal ",s_1924),,
"Cough, productive ",s_104),,
"Cough, productive in the morning ",s_662),,
"Cough, productive with pink, frothy sputum ",s_670),,
"Cough, productive with purulent sputum ",s_526),,
Creaking of joint during movement ,s_270),,
Cyanosis ,s_437),,
"Cyanosis, fingers ",s_553),,
"Cyanosis, fingers, after exposure to stress or cold ",s_1750),,
Cyanosis under the eyes ,s_1105),,
Cystoid macular edema ,s_1413),,
Damage to 2 separate areas of innervation ,s_1338),,
Dance's sign ,s_1555),,
Dandruff ,s_1616),,
Darier sign ,s_1171),,
Dark-red spots in optic disc vessels ,s_1417),,
Dark urine ,s_611),,
Decreased breast size ,s_357),,
Decreased hearing ,s_208),,
"Decreased hearing, progressive hearing loss ",s_1484),,
"Decreased hearing, sudden hearing loss ",s_1538),,
"Decreased hearing, variable intensity and duration ",s_935),,
Decreased intensity of breath sounds ,s_1693),,
"Decreased intensity of breath sounds, right basilar lung zones ",s_1395),,
Decreased libido ,s_236),,
Decreased motivation ,s_661),,
Decreased need for sleep ,s_634),,
Decreased pupillary light reflex ,s_535),,
Decreased skin turgor ,s_697),,
Decreased tear production ,s_1151),,
Decreased tongue motility ,s_1277),,
Decreased vitality for at least two weeks ,s_356),,
Decrease of visual acuity ,s_967),,
Deepening of periodontal pockets ,s_108),,
Deepening of voice ,s_422),,
Deep filling of treated tooth ,s_97),,
"Deep tendon reflexes, decreased ",s_652),,
"Deep tendon reflexes, increased ",s_878),,
Delusion of guilt or sin ,s_768),,
Delusion of impoverishment ,s_774),,
Delusions of grandeur ,s_677),,
Delusions of influence ,s_680),,
Delusions of persecution ,s_675),,
Delusions of reference ,s_676),,
"Delusions of thought insertion, thought withdrawal, thought broadcasting ",s_839),,
Demarcation of retinal detachment ,pigmented or nonpigmented) ,s_1409),
Dennie-Morgan fold ,s_1106),,
Dental plaque ,s_203),,
Depressed mood ,s_169),,
"Depressed mood, persistent ",s_916),,
Dermatological changes ,s_241),,
"Dermatological changes, aggravated by stress ",s_1761),,
"Dermatological changes, at the point of contact with buttons, fasteners, or cosmetics ",s_352),,
"Dermatological changes, chancre ",s_1602),,
"Dermatological changes, entire skin ",s_398),,
"Dermatological changes, exacerbated by alcohol consumption ",s_1692),,
"Dermatological changes, foot ",s_1923),,
"Dermatological changes, forming a crust ",s_245),,
"Dermatological changes, forming a line ",s_350),,
"Dermatological changes, hands ",s_1982),,
"Dermatological changes, localization near sebaceous glands ",s_390),,
"Dermatological changes, located in the genital area ",s_1810),,
"Dermatological changes, located in the mouth ",s_694),,
"Dermatological changes, located on the face ",s_1808),,
"Dermatological changes, painful ",s_1571),,
"Dermatological changes, preceded by pain or itching ",s_400),,
"Dermatological changes, recurring during infections or menstrual period ",s_402),,
"Dermatological changes, rough and irregular surface ",s_404),,
"Dermatological changes, with flare-ups and remissions ",s_1191),,
Destructive thoughts ,s_1957),,
Diarrhea ,s_8),,
"Diarrhea, foamy ",s_412),,
"Diarrhea, lasting more than 14 days ",s_1850),,
"Diarrhea, lasting up to 14 days ",s_1849),,
"Diarrhea, mainly at night ",s_1121),,
"Diarrhea, more than 6 stools a day ",s_1979),,
"Diarrhea, rice water ",s_1376),,
Difference in size of testicles ,s_1798),,
Difficulty acquiring new information ,s_269),,
Difficulty biting and chewing ,s_266),,
Difficulty bonding with infant ,s_727),,
Difficulty completely closing one eye ,s_1154),,
Difficulty determining which tooth aches ,s_267),,
Difficulty in achieving orgasm ,s_1574),,
Difficulty not smoking first cigarette of the day ,s_134),,
Difficulty refraining from smoking cigarettes where not permitted ,s_265),,
Difficulty retracting foreskin ,s_263),,
Diminished appetite ,s_284),,
Diminished eye motility in the same direction ,s_968),,
Diminished fear responses ,s_1035),,
Diminished superficial reflexes ,s_1021),,
Diplopia ,s_207),,
Diplopia while looking down and medially ,s_1232),,
Diplopia while looking in any direction ,s_1235),,
Diplopia with horizontal image dispersion ,s_1229),,
Diplopia with vertical or oblique image dispersion ,s_1231),,
Discharge from ear ,s_297),,
"Discharge from ear, bloody ",s_1577),,
Discharge from periodontal pockets ,s_302),,
Discharge from urethra ,s_369),,
Discharge in tympanic cavity ,s_1109),,
Discharge under foreskin ,s_301),,
Disinhibition ,s_1007),,
Disorganized behavior ,s_731),,
Disorientation ,s_222),,
Disorientation in space ,s_796),,
Disorientation in time ,s_797),,
Dissociated sensory loss ,s_1265),,
Distance misjudgment ,s_501),,
Diurnal mood variation ,s_730),,
Divergent strabismus ,s_1236),,
"Dix-Hallpike maneuver, rotatory nystagmus ",s_1731),,
Dizziness ,s_370),,
"Dizziness, head rotation ",s_1479),,
"Dizziness, vertigo ",s_936),,
Drinking alcohol at work ,s_827),,
Drinking alcohol despite awareness of harmful effects ,s_819),,
Drinking alone ,s_828),,
Drinking large quantities of alcohol ,s_198),,
Drinking large quantities of alcohol at one time ,s_199),,
Drinking to ease hangover ,s_109),,
Drooping lower eyelid ,s_1158),,
Drooping mouth corner ,s_432),,
Drowsiness ,s_131),,
Drunk driving ,s_823),,
"Dry, cracked skin, bleeding occasionally ",s_385),,
Dry discharge on eyelids ,s_489),,
Dry mouth ,s_247),,
Dry skin ,s_542),,
Duck-like gait ,s_1225),,
Dysarthria ,s_315),,
Dysmenorrhea ,s_59),,
Dyspepsia ,s_1432),,
Dysphagia ,s_962),,
"Dysphagia, esophageal ",s_1779),,
"Dysphagia, oropharyngeal ",s_1776),,
Dysphonia ,s_68),,
"Dysphonia, over 2 weeks ",s_1958),,
Dyspnea ,s_88),,
"Dyspnea, acute ",s_92),,
"Dyspnea, chronic ",s_1625),,
"Dyspnea, exacerbating during exercise ",s_1333),,
"Dyspnea, orthopnea ",s_563),,
"Dyspnea, paroxysmal nocturnal ",s_1317),,
"Dyspnea, subacute ",s_90),,
"Dyspnea, with flare-ups and remissions ",s_1185),,
Dystonia ,s_1298),,
Earache ,s_47),,
Ear canal swelling ,s_291),,
Easy bruising ,s_234),,
Edema ,s_700),,
"Edema, ankle joint ",s_171),,
"Edema, ankles ",s_623),,
"Edema, both lower limbs ",s_175),,
"Edema, costochondral junctions ",s_1581),,
"Edema, daytime ",s_701),,
"Edema, dependent ",s_699),,
"Edema, elbow joint ",s_1635),,
"Edema, face ",s_616),,
"Edema, finger ",s_1311),,
"Edema, hand ",s_1464),,
"Edema, hip joint ",s_1652),,
"Edema, joint ",s_174),,
"Edema, knee joint ",s_170),,
"Edema, lip ",s_1433),,
"Edema, nighttime ",s_702),,
"Edema, one lower limb ",s_173),,
"Edema, periorbital ",s_1442),,
"Edema, pitting ",s_562),,
"Edema, scrotum ",s_176),,
"Edema, shoulder joint ",s_1655),,
"Edema, upper limb ",s_1447),,
"Edema, wrist joint ",s_1431),,
Elevated mood ,s_633),,
Enamel hypoplasia ,s_1166),,
"Enamel lesions, caries ",s_272),,
Enlarged breasts ,s_219),,
Enlarged kidneys ,s_1052),,
Enlarged lymph nodes ,s_220),,
Enlarged salivary glands ,s_1057),,
"Enlargement of hands, feet, or face ",s_480),,
Enlargement of the lymphoid tissue in the pharynx ,s_1103),,
Epicritic sensation loss or impairment in fingertips ,s_1071),,
Erectile dysfunction ,s_733),,
Erythema ,s_229),,
Erythema and scaling on almost entire skin ,s_1469),,
"Erythema, facial ",s_1468),,
"Erythema, facial, butterfly-shaped ",s_230),,
"Erythema, finger ",s_1314),,
"Erythema, foreskin or head of the penis ",s_433),,
"Erythema, hand ",s_557),,
"Erythema, limb ",s_325),,
"Erythema, limb, hot to the touch ",s_179),,
Erythema migrans ,s_202),,
Erythema of skin overlying a joint ,s_323),,
"Erythema, palmar ",s_1125),,
"Erythema, scalp ",s_1791),,
Erythematous tonsils ,s_1498),,
Excessive fear in public situations ,s_723),,
Excessive saliva production ,s_1304),,
Excessive tear production ,s_122),,
Excessive uterine enlargement in comparison to assumed duration of pregnancy ,s_1290),,
Excessive worry about the health of a child ,s_725),,
Excess of hair ,s_132),,
Exophthalmos ,s_1163),,
Eye flashes ,s_606),,
Eyelid lesion ,s_483),,
"Eyelid lesion, itching and painful ",s_485),,
"Eyelid lesion, red and warm ",s_486),,
"Eyelid lesion, red lump with yellow tip ",s_484),,
Eyelid tremors ,s_591),,
Eyelid twitching ,s_235),,
Eye pain ,s_493),,
Eyes sensitive to light ,s_488),,
Facial muscle paresis ,s_1156),,
Facial muscle spasms ,s_1425),,
Facial pain ,s_478),,
"Facial pain, longer than a few hours ",s_1203),,
"Facial pain, paranasal sinus ",s_1436),,
"Facial pain, periodic ",s_427),,
"Facial pain, severe ",s_1194),,
"Facial pain, stabbing ",s_425),,
"Facial pain, triggered by eating, touching, brushing teeth ",s_426),,
"Facial pain, unilateral ",s_424),,
Fainting ,s_188),,
Fainting with convulsions ,s_189),,
Fainting with urination or defecation ,s_190),,
Fear of dying ,s_516),,
Fear of going insane ,s_1087),,
Fear of losing control ,s_1088),,
Fear of obesity ,s_157),,
"Fear of object, situation, action ",s_244),,
Fear of public appearances ,s_721),,
Feeling detached from your body ,s_1587),,
Feeling hot ,s_274),,
Feeling of guilt ,s_205),,
Feeling of guilt or shame after drinking alcohol ,s_206),,
Feeling of helplessness ,s_629),,
Feeling of hopelessness ,s_632),,
Feeling of rectal fullness ,s_1565),,
Feeling of resignation ,s_507),,
Feeling of weight in scrotum ,s_1175),,
Feeling overweight despite low weight ,s_419),,
Feeling that tooth is about to explode ,s_279),,
Feeling unreal ,s_514),,
Fever ,s_98),,
"Fever between 98,6 and 100,4°F ",37 and 38°C) ,s_99),
"Fever greater than 100,4°F ",38°C) ,s_100),
"Fever, temperature not measured ",s_1820),,
Fever with flare-ups and remissions ,s_1186),,
Financial recklessness ,s_636),,
Fine downy hair ,s_77),,
Fits of anger ,s_660),,
Flaccid dysarthria ,s_993),,
Flaccid paresis ,s_1079),,
"Flaccid paresis, symmetrical ",s_1080),,
Flat or blunted affect ,s_772),,
Foamy urine ,s_504),,
Foot drop ,s_1909),,
Foot pain ,s_578),,
"Foot pain, back of the foot, during single-leg heel raise ",s_1645),,
Forgetting names of close friends and family ,s_146),,
Forward-leaning posture ,s_204),,
Foul-smelling stools ,s_525),,
Frequent bowel movement ,s_1401),,
Frequent infections ,s_505),,
"Frequent infections, lower respiratory tract ",s_532),,
"Frequent infections, upper respiratory tract ",s_531),,
Frequent urination ,s_215),,
"Frequent urination, large quantities ",s_75),,
Frontal release signs ,s_990),,
"Frothy, yellow-green vaginal discharge ",s_366),,
Galactorrhea ,s_547),,
Gastric symptoms after eating or drinking foods containing lactose ,s_1570),,
"Gastrointestinal complaints, stress-related ",s_1767),,
General anxiety ,s_583),,
Genu varum ,s_1226),,
Glassy eyes ,s_1090),,
Globus sensation ,s_513),,
Goldflam sign ,s_1302),,
Gonda-Allen sign ,s_1263),,
Gordon sign ,s_1254),,
Gottron's papules ,s_756),,
Grandiosity ,s_639),,
Grape-like vaginal discharge ,s_1294),,
Gum erythema ,s_322),,
Gum pain ,s_19),,
Gynecomastia ,s_586),,
Hair loss ,s_121),,
Hairy leukoplakia ,s_618),,
Halitosis ,s_65),,
Hallucinations ,s_686),,
"Hallucinations, auditory ",s_682),,
"Hallucinations, cenesthetic ",s_685),,
"Hallucinations, gustatory ",s_683),,
"Hallucinations, olfactory ",s_684),,
"Hallucinations, visual ",s_681),,
Hard lump in inguinal region ,s_1246),,
"Hard lump in inguinal region, dark or bluish discoloration ",s_1248),,
"Hard lump in inguinal region, irreducible ",s_1247),,
"Hard lump in inguinal region, tender ",s_1249),,
Hard retinal exudates ,s_1346),,
Headache ,s_21),,
"Headache, attack lasting 4 to 72 hours ",s_1870),,
"Headache, attack lasting five minutes to four hours ",s_1868),,
"Headache, attack lasting three to seven days ",s_1901),,
"Headache, attack lasting up to five minutes ",s_1907),,
"Headache, chronic ",s_1535),,
"Headache, exacerbated by increased stress ",s_1762),,
"Headache, exacerbating by tilting head forward ",s_625),,
"Headache, exacerbating in the morning ",s_799),,
"Headache, forehead ",s_1349),,
"Headache, generalized ",s_24),,
"Headache, lancinating ",s_604),,
"Headache, mild ",s_1780),,
"Headache, moderate ",s_1781),,
"Headache, occipital ",s_970),,
"Headache, pressing ",s_23),,
"Headache, pulsating ",s_25),,
"Headache, recent ",s_1912),,
"Headache, series over a period of time ",s_605),,
"Headache, severe ",s_1193),,
"Headache, sudden onset ",s_1905),,
"Headache, unilateral ",s_22),,
"Headache, worst headache in life ",s_1864),,
Head drop ,s_191),,
Head tilt in order to avoid diplopia ,s_1230),,
Head tremors ,s_85),,
Hearing voices arguing ,s_841),,
Hearing voices commenting ,s_840),,
Heartburn ,s_338),,
Heavy legs at the end of the day ,s_273),,
Heavy or prolonged menstrual periods ,s_158),,
Heel drop test ,s_1922),,
Heliotrope rash around eyes ,s_761),,
Hemarthrosis ,s_1170),,
Hematemesis ,s_306),,
Hemianopsia bitemporalis ,s_814),,
Hemiparesis ,s_1005),,
Hemiplegia ,s_1022),,
Hemoptysis ,s_116),,
Hepatomegaly ,s_1051),,
Hiccups ,s_1295),,
High-arched palate ,s_1108),,
Holster sign ,s_757),,
Homonymous hemianopsia ,s_957),,
Honey-colored crust on the skin ,s_373),,
Hot flashes ,s_280),,
Hyperalgesia ,s_1481),,
"Hypersensitivity to light, sounds, or smells ",s_133),,
Hypersensitivity to sound ,s_1150),,
"Hypertension, high blood pressure ",s_543),,
"Hypertension, over 180 mmHg ",s_1933),,
Hypesthesia of half of face ,s_1159),,
Hypochondriacal delusions ,s_679),,
Hypomenorrhea ,s_1876),,
Hypopigmentation of the skin ,s_180),,
Hypopyon ,s_570),,
Hypotension ,s_533),,
Illusion of surroundings being bigger or smaller than they actually are ,s_341),,
Impaired balance while walking ,s_317),,
Impaired concentration ,s_631),,
Impaired downward eye motion ,s_1241),,
Impaired lateral eye motion ,s_1227),,
Impaired medial eye motion ,s_1240),,
Impaired memory ,s_316),,
"Impaired memory, alcohol-related amnesia ",s_825),,
"Impaired memory, finding objects of everyday use ",s_619),,
"Impaired memory, short term ",s_830),,
Impaired smell ,s_1095),,
Impaired social functioning ,s_716),,
Impaired upward eye motion ,s_1239),,
Impaired vision ,s_320),,
Impaired vision in one eye ,s_1819),,
Impaired vision on side with painful temple ,s_1146),,
Impulsive behavior ,s_1384),,
Inability to complete tasks ,s_1385),,
Inability to move mandible sideways ,s_1300),,
Inability to pass flatus ,s_1551),,
Inability to remember important aspects of a traumatic experience ,s_711),,
Inability to stand on toes ,s_1624),,
Inability to stop drinking alcohol ,s_150),,
Inability to stop flow of urine ,s_223),,
Increased abdominal girth ,s_277),,
Increased appetite ,s_311),,
Increased expiratory phase ,s_1488),,
Increased libido ,s_421),,
Increased masseter reflex ,s_991),,
Increased palatine reflex ,s_1278),,
Increased pharyngeal reflex ,s_1279),,
Increased thirst ,s_310),,
Increase in sexual experiences or sensations needed to attain desired effect ,s_361),,
Infertility ,s_7),,
Insomnia ,s_917),,
"Intense, non-committal relationships ",s_1383),,
Intermittent urine flow ,s_358),,
"Interosseous muscles atrophy, feet ",s_1084),,
"Interosseous muscles atrophy, hands ",s_1083),,
Intraretinal microvascular abnormalities ,s_1416),,
"Intrusive thoughts, obsessions ",s_127),,
"Intrusive thoughts, obsessive fears ",s_687),,
"Intrusive thoughts, obsessive images ",s_688),,
Iris neovascularization ,s_1411),,
Irregular menstruations ,s_1440),,
Irritability ,s_540),,
Irritability when unable to engage in activity related to sex ,s_80),,
Irritation and erythema of vulva ,s_324),,
Itching after a hot shower or bath ,s_614),,
Itching around anus ,s_249),,
Itching in crotch ,s_253),,
Itching in ear ,s_255),,
Itching of eyes ,s_1563),,
Itching of nose or throat ,s_252),,
Itching of urethral opening ,s_367),,
Jacobsohn sign ,s_1271),,
Janeway lesion ,s_1718),,
Jaundice ,s_332),,
Jaundice during increased stress ,s_334),,
Jaundice during infectious disease ,s_336),,
Jaundice following intense physical exertion ,s_335),,
Jaw locking when opening mouth ,s_428),,
Jaw pain ,s_1961),,
Joint malformation ,s_359),,
Joint pain ,s_44),,
"Joint pain, aggravated during cold, damp weather ",s_576),,
"Joint pain, ankle ",s_1621),,
"Joint pain, during ankle movement ",s_1623),,
"Joint pain, during elbow movement ",s_1634),,
"Joint pain, during hip movement ",s_1823),,
"Joint pain, during knee movement ",s_1610),,
"Joint pain, during movement in the morning ",s_29),,
"Joint pain, during thumb movement ",s_1641),,
"Joint pain, during wrist movement ",s_1636),,
"Joint pain, elbow ",s_1632),,
"Joint pain, hallux ",s_79),,
"Joint pain, hip ",s_11),,
"Joint pain, knee ",s_581),,
"Joint pain, severe, as a result of an injury ",s_41),,
"Joint pain, shoulder ",s_1654),,
"Joint pain, shoulder, movements ",s_1805),,
"Joint pain, sudden ",s_1201),,
"Joint pain, tenderness ",s_1656),,
"Joint pain, thumb ",s_1639),,
"Joint pain, wrist ",s_1430),,
Joint stiffness ,s_575),,
Kayser–Fleischer ring ,s_1472),,
Kernig's sign ,s_1689),,
Koplik's spots ,s_664),,
Kussmaul breathing ,s_1451),,
Lack of boundaries in interpersonal relations ,s_778),,
"Lack of initiative, motivation, or drive ",s_1006),,
Lack of rest ,s_372),,
Lack of space in dental arch ,s_242),,
Lateropulsion ,s_964),,
Lead-pipe rigidity ,s_1282),,
Left limb-kinetic apraxia ,s_1014),,
Lengthening of reaction time ,s_658),,
Lens clouding ,s_550),,
Leopard-like spots on the skin ,s_666),,
Lethargy ,s_119),,
"Lethargy, for more than six months ",s_1547),,
Levine's sign ,s_1378),,
Lhermitte's sign ,s_1054),,
Lice eggs or nits on hair shafts ,s_1793),,
Limb weakness ipsilateral to facial changes ,s_1252),,
Limping due to pain ,s_1927),,
Lisch nodules ,s_1324),,
Livedo reticularis ,s_763),,
Local dark retinal blood vessels that lie in folds ,s_1407),,
Local elevation of retina ,s_1405),,
Local grey discoloration of retina ,s_1406),,
Local retinal undulation ,s_1408),,
Loose teeth ,s_228),,
Loss of body hair ,s_1115),,
Loss of consciousness ,s_1543),,
"Loss of interest in activities previously enjoyed, lasting at least two weeks ",s_287),,
Loss of muscle mass ,s_622),,
"Loss of muscle mass, hands ",s_564),,
Loss of pain sensation in the upper pharynx ,s_1284),,
Loss of sense of vibration in distal parts of extremities ,s_1070),,
"Loss of temperature sensation, impaired temperature sensation ",s_747),,
Loss of the lingual papillae ,s_1394),,
Loss of vision in a superior quadrant ,s_1027),,
Loss or impairment of proprioception ,s_746),,
Lower intraocular pressure ,> 4-5mmHg) in affected eye compared to unaffected eye ,s_1404),
Lower-limb tenderness ,s_1618),,
"Lower-limb tenderness, calf ",s_1622),,
Low self-esteem ,s_155),,
Lump in testicle ,s_1173),,
"Lying about eating, hiding food ",s_420),,
Lymph node pain ,s_1733),,
Making rash or impulsive decisions ,s_779),,
Malocclusions ,s_289),,
Marcus Gunn pupil ,s_1403),,
Measles rash ,s_665),,
Mechanic's hand ,s_760),,
Mendel-Bechterev sign ,s_1261),,
Menstrual period more than three weeks late ,s_415),,
Mental disturbances exacerbated by stress ,s_1768),,
Miosis ,s_537),,
Miscarriage ,s_212),,
Moniz sign ,s_1274),,
Mood swings ,s_646),,
Morning stiffness of hand joints ,s_258),,
Motor retardation ,s_1297),,
Mouth breathing ,s_1104),,
Mouth ulcers ,s_1),,
Mucosal pallor ,s_1210),,
"Mucosal pallor, sudden ",s_1213),,
Mucous secretion in stool ,s_642),,
Murphy's sign ,s_567),,
Muscle cramps ,s_503),,
Muscle weakness ,s_650),,
"Muscle weakness, ascending ",s_744),,
"Muscle weakness, large proximal muscles ",s_766),,
"Muscle weakness, legs ",s_743),,
"Muscle weakness, standing up or climbing stairs ",s_767),,
Myalgia ,s_1142),,
"Myalgia, deep and dull ",s_748),,
"Myalgia, exacerbated by stress ",s_1766),,
Mydriasis ,s_536),,
Myringitis ,s_1476),,
Nail biting ,s_1950),,
Nail clubbing ,s_603),,
Nail dystrophy ,s_1167),,
"Narrowing of the mouth, difficulty opening mouth ",s_360),,
Nasal catarrh ,s_107),,
Nasal congestion ,s_331),,
"Nasal congestion, chronic ",s_1812),,
Nasal polyps ,s_524),,
Nasal speech ,s_1303),,
Nausea ,s_156),,
Neck asymmetry ,s_1388),,
Neck edema ,s_363),,
Neck pain ,s_1483),,
"Neck pain, unilateral ",s_965),,
Neck vein distention ,s_671),,
Need to smoke cigarette when waking up ,s_327),,
"Neglecting family, work, or hobbies due to alcohol ",s_820),,
"Neglecting obligations such as work, study, or family to pursue sex or think about sex ",s_326),,
Nervousness or weepiness ,s_143),,
Neural tenderness ,s_1086),,
Nihilistic delusions ,s_678),,
Nipple discharge ,s_1422),,
Nocturia ,s_182),,
Nodule located in breast ,s_300),,
Nonmenstrual vaginal bleeding or spotting ,s_1217),,
Nonstop drinking for several days ,s_822),,
Nosebleeds ,s_1429),,
Nose pain ,s_1605),,
Numbness of part of ear ,s_1305),,
Numbness of tongue ,s_1148),,
Numerous nevi ,s_377),,
Nystagmus ,s_479),,
"Nystagmus, horizontal ",s_1721),,
Ocular bulb rotation laterally and downward ,s_1237),,
Ocular bulb rotation medially and upward ,s_1234),,
Ocular motility disorder ,s_750),,
Oculomotor nerve palsy ,s_1147),,
Odynophagia ,s_509),,
Oily skin ,s_362),,
Oligomenorrhea ,s_1877),,
Oliguria ,s_185),,
One finger pain ,s_1313),,
Opacified tympanic membrane ,s_1107),,
Open comedones ,s_389),,
Oppenheim sign ,s_1256),,
Optic disc neovascularization ,s_1410),,
Optic nerve disc pallor ,s_1329),,
Orbicularis oris muscle spasm ,s_868),,
Organic cause ,s_844),,
Orthostatic hypotension ,s_541),,
Osler nodes ,s_1719),,
Ovarian enlargement ,s_1289),,
Overbite ,s_1110),,
Overwork ,s_371),,
Pain behind ear ,s_1180),,
Pain caused by firm pressure on tibia ,s_1382),,
Painful defecation ,s_1393),,
Painful ejaculation ,s_33),,
Painful intercourse ,s_32),,
Painful skin ,s_1674),,
Pain in both lower limbs ,s_1453),,
"Pain in both lower limbs, stocking distribution ",s_1112),,
Pain in both upper limbs ,s_1452),,
Pain increases when touching ear area ,s_476),,
Pain in crotch ,s_28),,
"Pain in crotch, severe ",s_1196),,
"Pain in crotch, sudden ",s_34),,
Pain in fingers or hand ,s_554),,
Pain in glans penis ,s_60),,
"Pain in groin during coughing, sneezing, or laughing ",s_1250),,
Pain in lower limb ,s_579),,
"Pain in lower limb, calf ",s_1620),,
"Pain in lower limb, calf, severe while walking ",s_232),,
"Pain in lower limb, calf, severe while walking, intermittent claudication ",s_732),,
"Pain in lower limb, severe ",s_1930),,
"Pain in lower limb, thigh ",s_1893),,
Pain in scrotum ,s_52),,
"Pain in temporomandibular joint while yawning, chewing, or biting ",s_430),,
"Pain in the back of the leg, above the heel ",s_1878),,
Pain in upper limb ,s_580),,
"Pain in upper limb, severe ",s_1935),,
Pain near eye socket ,s_54),,
Pain while urinating ,s_39),,
Palatine petechiae ,s_1371),,
Pale and brittle nails ,s_10),,
Pale or clay-colored stools ,s_569),,
Pale skin ,s_9),,
Palpable neck mass ,s_298),,
Palpitations ,s_110),,
Panic attacks in public appearances ,s_722),,
Papilledema ,s_803),,
Papule or nodule smaller than 1 cm in diameter ,s_101),,
Paralogical thinking ,s_838),,
"Paralysis, limb ",s_1296),,
Paraspinal muscle tenderness ,s_1486),,
"Paresis, limb ",s_148),,
"Paresis, limb, upper limbs ",s_268),,
Paresthesia ,s_518),,
Paresthesia around the mouth ,s_126),,
"Paresthesia, ascending ",s_1069),,
"Paresthesia, both upper limbs ",s_973),,
"Paresthesia, face ",s_971),,
"Paresthesia in both upper limbs, glove distribution ",s_1066),,
Paresthesia in feet ,s_125),,
"Paresthesia, limbs ",s_83),,
"Paresthesia, one or both lower limbs ",s_1343),,
"Paresthesia, one upper limb ",s_1449),,
"Paresthesias, symmetrical ",s_1068),,
"Paresthesia, sudden onset ",s_1932),,
Parotid swelling ,s_529),,
Past appendectomy ,s_1800),,
Past cholecystectomy ,s_1801),,
Pathologic fractures ,s_1715),,
Pencil-thin stools ,s_795),,
Pericardial friction rub ,s_1380),,
Perionychial pain ,s_1312),,
Perseveration ,s_1018),,
Petechiae ,s_594),,
Pharyngeal erythema ,s_1367),,
Pharyngeal pain ,s_20),,
"Pharyngeal swelling, bilateral ",s_1102),,
"Pharyngeal swelling, unilateral ",s_1390),,
Phobia ,s_915),,
Physical trauma ,to self or others) after drinking alcohol ,s_281),
Pill-rolling tremor ,s_1379),,
Pleural effusion ,s_1437),,
Pleural friction rub ,s_1396),,
Poor personal hygiene ,s_770),,
Positive allergy challenge ,s_1093),,
Positive skin allergy ,prick or patch) test ,s_1092),
Postnasal drip ,s_1471),,
Premature graying ,s_225),,
Preoccupation with food ,s_69),,
Presence of neurofibromas ,s_1323),,
Pretibial myxedema ,s_1162),,
Priapism ,s_1397),,
"Problems with everyday tasks such as washing, eating, dressing ",s_123),,
Prolonged bleeding time ,s_593),,
Prolonged nighttime sleep ,s_777),,
Prostate enlargement ,s_1089),,
Pruritus ,s_254),,
"Pruritus, aggravated by change in temperature, sweating, or wearing wool ",s_251),,
"Pruritus, most intense at night ",s_250),,
"Pruritus, scalp ",s_1617),,
Pseudomembrane in throat or nose ,s_1548),,
Psychomotor retardation ,s_649),,
Pupil dilation variation ,s_653),,
Pupil or pupils unreactive to accomodation ,s_1238),,
Purpuric rash ,s_762),,
Pustule ,s_388),,
Pus under the skin of the finger ,s_1315),,
Pyramidal signs ,s_989),,
Quickening of thoughts and speech ,s_637),,
Rash ,s_417),,
Rebound tenderness ,s_1494),,
Recent alcohol consumption ,s_528),,
Receptive aphasia ,s_1029),,
Recurrent gastric ulcers ,s_142),,
Recurrent kidney stones ,s_140),,
Recurrent tonsils inflammation ,s_139),,
Red and stinging conjunctivae ,s_72),,
Red and swollen oral mucosa ,s_692),,
Red eye ,s_492),,
"Red maculas with silver-white, flaky scales ",s_384),,
Red macules ,s_1301),,
Redness behind the ear ,s_1181),,
Redness in temporal region ,s_1145),,
Redness on shoulders and nape of neck ,s_758),,
"Red stretch marks on abdomen, hips, or thighs ",s_73),,
Reduced body temperature ,s_410),,
Reduced degree of facial expression ,s_572),,
Reexperiencing the psychological trauma — circumstances resembling or associated with the stressor ,s_707),,
Reexperiencing the psychological trauma in nightmares ,s_706),,
Reexperiencing the psychological trauma in recurring flashbacks ,s_705),,
Reexperiencing the psychological trauma through physiological reactivity ,s_708),,
Regurgitation ,s_330),,
Religious delusion ,s_780),,
"Restricted mobility, problem bending over ",s_186),,
Restricted passive range of joint motion ,s_1903),,
Restricted range of joint motion ,s_1713),,
Retinal artery occlusions ,s_1418),,
Retinal hemorrhage ,s_1344),,
Retinal microaneurysms ,s_1412),,
Retinal neovascularization elsewhere ,s_1415),,
Retinal swelling ,s_1414),,
Retraction or indentation of nipple ,s_343),,
Retrobulbar neuritis ,s_1055),,
Rhinitis triggered by environment ,s_1533),,
Rhinophyma ,s_1682),,
Rhonchi during chest auscultation ,s_1316),,
Rictus grin ,s_1375),,
Risky drinking ,s_816),,
Romberg's sign ,s_1738),,
Rose spots on lower chest and abdomen ,s_1377),,
Rossolimo's sign ,s_1255),,
Roundworms in stool ,s_1937),,
Rovsing's sign ,s_1732),,
Russell's sign ,s_1141),,
Sagging of the palate ipsilateral to suspected nerve damage ,s_1285),,
Scarlet fever rash ,s_1544),,
Schaeffer's sign ,s_1259),,
Schizophasia ,s_836),,
Scleral icterus ,s_1492),,
"Scotoma, eye floaters ",s_124),,
Scrotal transillumination ,s_1342),,
Seasonal pattern of depressive symptoms ,s_835),,
Secret drinking ,s_829),,
Seizures without loss of consciousness ,s_539),,
Self-disgust after binge eating ,s_568),,
Sense of self-worth dependent on weight ,s_423),,
Sensory loss in both arms ,s_972),,
Sensory loss in one limb ,s_313),,
Sensory loss involving the face ,s_959),,
Sexual activity in recent months ,s_2),,
Sexual activity more often or with more partners than intended ,s_74),,
Shafer's sign ,s_1399),,
Shallow breathing ,s_1462),,
Simple auditory paradelusions ,s_648),,
Simple visual paradelusions ,s_647),,
Sinuses tender to palpation ,s_1496),,
Skin and blood vessel inflammation ,s_654),,
Skin desquamation ,s_1470),,
Skin mass ,s_1831),,
"Skin mass, bleeding ",s_1931),,
Skin mass greater than 1 cm in diameter ,s_1830),,
Skin mole or birthmark with diameter greater than 6 mm ,s_382),,
Skin mole or birthmark with irregular border ,s_381),,
"Skin pain, severe ",s_43),,
"Skin pain, severe, lasting more than a few hours ",s_49),,
"Skin pallor, sudden ",s_1209),,
Skin phototype I or II ,s_376),,
Skin thickening ,s_1650),,
Skull lesions ,s_1474),,
Sleep disorder ,s_319),,
Slower gait ,s_238),,
Smoking large quantity of cigarettes ,s_93),,
Smoking most cigarettes in the morning ,s_308),,
Smooth face without wrinkles ,s_271),,
Sneeze ,s_715),,
Sneezing attacks ,s_136),,
Snoring ,s_67),,
Social isolation ,s_659),,
Social maladjustment ,s_773),,
Soft lump in inguinal region ,s_1242),,
"Soft lump in inguinal region, decreasing while supine ",s_1244),,
"Soft lump in inguinal region, enlarging during increase in abdominal pressure ",s_1243),,
"Soft lump in inguinal region, reducible ",s_1245),,
Soft mass in scrotum ,s_1341),,
Soft retinal exudates ,s_1347),,
Spasms in upper extremities ,s_1426),,
Spastic dysarthria ,s_992),,
Spasticity ,s_571),,
Spending a lot of time on sex-related activity ,s_213),,
Spine asymmetry ,s_1536),,
Spine or joint stiffness subsiding after exercise ,s_259),,
Splenic agenesis ,s_1169),,
Splenomegaly ,s_1045),,
Steatorrhea ,s_1434),,
Sterling's sign ,s_1270),,
Sternal rub ,s_1381),,
Stiff neck ,s_418),,
Stiffness of spine in the morning ,s_257),,
Stimulants use ,"amphetamine, cocaine) ",s_880),
Stinging eyes and feeling of sand under eyelids ,s_201),,
Stransky's sign ,s_1260),,
Strawberry tongue ,s_1467),,
Stridor ,s_1562),,
Stroke ,s_544),,
Strumpell's sign ,s_1275),,
Sudden face flushing ,s_1067),,
Sudden falls without loss of consciousness ,drop attack) ,s_974),
Sudden increase in blood pressure ,s_530),,
Suicidal thoughts ,s_1139),,
Suicidal thoughts with plan and steps taken ,s_1140),,
Sunburn ,s_1943),,
Sunken eyeballs ,s_698),,
Surface of lesion on genitals resembles cauliflower ,s_221),,
Suspicious mole or birthmark ,s_383),,
Sweating ,s_216),,
"Sweating, night ",s_217),,
Sweating on forehead on painful side ,s_214),,
Swelling in the mastoid region ,s_1182),,
Swelling of dorsal side of feet ,s_1124),,
Swelling of nasal concha ,s_1099),,
Swelling of nasal mucosa ,s_1097),,
Swelling of temporal artery ,s_1144),,
Swollen blue or bluish-gray nasal mucosa ,s_1098),,
Swollen cheek ,s_177),,
Swollen gums ,s_172),,
Symmetrical flaccid paresis in lower limbs ,mainly feet) ,s_1081),
Symmetrical flaccid paresis in upper limbs ,mainly hands) ,s_1082),
"Symptoms appear after taking painkillers, change in diet ",s_162),,
Symptoms do not occur during sleep ,s_602),,
Symptoms exacerbated by cold temperature ,s_558),,
Symptoms increase in evening ,s_160),,
Symptoms occur several hours after drinking excessive alcohol ,s_165),,
Symptoms regularly appear a few days before menstrual period ,s_161),,
Symptoms subside when menstrual period begins ,s_164),,
Tachycardia ,s_261),,
Tachypnea ,s_227),,
Taste disorder in anterior two-thirds of tongue ,s_1153),,
Taste disorder in posterior one third of tongue ,s_1161),,
Taste disorders ,s_1096),,
Telangiectasias ,s_545),,
"Telangiectasias, face ",s_1685),,
Temporary blindness ,s_1465),,
Tenesmus ,s_640),,
Terry's nails ,s_1114),,
Thickened nails ,s_1790),,
Thickened nails with pits or grooves ,s_386),,
Thick eye discharge ,s_487),,
Thoughts of harming one's child ,s_728),,
Thoughts of wanting to kill one's child ,s_729),,
Throckmorton's sign ,s_1276),,
Tingling fingers ,s_555),,
"Tingling fingers, first three digits ",s_1899),,
"Tingling fingers, fourth and fifth digits ",s_1900),,
Tingling in extremities ipsilateral to facial changes ,s_1253),,
Tinnitus ,s_407),,
"Tinnitus, low frequency ",s_937),,
"Tinnitus, pulsatile ",s_1466),,
Toenail dystrophy ,s_1085),,
Toe pain ,s_1833),,
Tongue enlargement ,s_673),,
Tongue erythema ,s_607),,
Tongue muscle atrophy ,s_995),,
Tonic-clonic seizures ,s_1131),,
Tonsil stones ,s_1534),,
Toothache ,s_551),,
"Toothache after contact with cold, sweet, or hot food ",s_55),,
"Toothache, reduced after cold foods or drinks ",s_339),,
"Toothache, severe ",s_233),,
"Toothache, strong reaction to heat ",s_231),,
Toothache while chewing ,s_56),,
Tooth loss ,s_1050),,
Transverse furrow on the nose ,s_1100),,
"Tremor, flapping ",s_1421),,
"Tremor, intention ",s_1264),,
"Tremor, kinetic ",s_1454),,
"Tremor, resting ",s_1455),,
Tremors ,s_538),,
"Tremors, both hands ",s_87),,
"Tremors, in one hand ",s_86),,
"Tremors, stress-related ",s_1765),,
"Tremors, subside after drinking alcohol ",s_84),,
"Tremors, tongue ",s_590),,
"Tremors, worsen after caffeine intake ",s_601),,
Trigeminal neuralgia ,s_1056),,
Trismus ,s_256),,
Tromner's sign ,s_1262),,
Trophic changes ,s_1074),,
Trophic ulcer ,s_1076),,
Trophic ulcer on the plantar side of the foot ,s_1078),,
Trouble beginning urination ,s_691),,
Trouble planning the future ,s_644),,
Trousseau sign of latent tetany ,s_866),,
Tympanic membrane light reflex distortion ,s_1366),,
Ulceration on nipple ,s_194),,
Ulcerations or abscesses near the anus ,s_351),,
Ulcer on skin ,s_672),,
Unilateral enophthalmos ,s_668),,
Unilateral facial paresis ,s_149),,
Unilateral vulval swelling ,s_1586),,
Urethral discharge when pressing penis ,s_510),,
Urinary incontinence ,s_153),,
Urinary retention ,s_696),,
Urinary urgency ,s_690),,
Urination in small amounts ,s_689),,
Urination while coughing or laughing or during physical exertion ,s_183),,
Urticaria ,s_393),,
Urticaria triggered by cold ,s_791),,
Urticaria triggered by heat ,s_793),,
Urticaria triggered by prolonged pressure on the skin ,s_790),,
Urticaria triggered by scratching ,s_789),,
Urticaria triggered by sunlight ,s_794),,
"Using methods to lose weight: vomiting, starvation diets ",s_243),,
Uvula deviation towards unaffected side ,s_1287),,
"Vaginal discharge, scant, white, clumpy, and odorless ",s_1569),,
Vaginal discharge with unpleasant odor ,s_64),,
Vaginal dryness ,s_1811),,
Verbal learning disability ,s_1031),,
Vesicular exanthema of mouth or ear ,s_1318),,
Violating social norms after drinking alcohol ,s_824),,
Visible and palpable enlarged vein ,s_290),,
Visible head lice on scalp ,s_1792),,
Visual agnosia ,s_1034),,
Visual field narrowing ,s_494),,
Vitreous hemorrhage ,s_1398),,
Vomiting ,s_305),,
"Vomiting, every time after meal ",s_1949),,
"Vomiting, less than one hour after meal ",s_307),,
"Vomiting, more often in the morning ",s_1365),,
"Vomiting, projectile ",s_801),,
V-shaped redness on chest ,s_759),,
Waist-hip ratio ,WHR) over 0.85 in women ,s_1219),
Waist-hip ratio ,WHR) over 1.0 in men ,s_1218),
Waking up early ,s_776),,
Weak eye clenching ,s_1155),,
Weakness exacerbates after exercise ,s_1332),,
Weak or absent palatine reflex ,s_1286),,
Weak or absent pharyngeal reflex ,s_1280),,
Weak peripheral pulses ,s_1348),,
Weak pulse in legs ,s_735),,
Weight gain ,s_226),,
Weight loss ,s_285),,
Weight loss without loss of appetite ,s_237),,
Weiss ring ,s_1402),,
Westphal's sign ,s_1340),,
"Wheezes, sibilant rhonchi over chest ",s_856),,
Wheezing ,s_474),,
White nail discoloration ,s_1788),,
White oral plaques ,s_1673),,
White patch on cornea ,s_1796),,
Winterbottom's sign ,s_1183),,
Wound ,s_1980),,
Wound infection ,s_1981),,
Wrinkling or dimpling of skin on breast ,s_342),,
Wrist drop ,s_1910),,
Xanthelasma ,s_613),,
Xanthoma ,s_1561),,
Yellow nail discoloration ,s_1789),,